[{"model": "admin.logentry", "pk": 1, "fields": {"action_time": "2025-06-02T17:35:11.487Z", "user": 1, "content_type": 7, "object_id": "1", "object_repr": "brown tshirt", "action_flag": 1, "change_message": "[{\"added\": {}}]"}}, {"model": "admin.logentry", "pk": 2, "fields": {"action_time": "2025-06-04T13:21:10.421Z", "user": 1, "content_type": 7, "object_id": "2", "object_repr": "white shirt", "action_flag": 1, "change_message": "[{\"added\": {}}]"}}, {"model": "admin.logentry", "pk": 3, "fields": {"action_time": "2025-06-04T13:22:01.332Z", "user": 1, "content_type": 7, "object_id": "3", "object_repr": "yello tshirt", "action_flag": 1, "change_message": "[{\"added\": {}}]"}}, {"model": "admin.logentry", "pk": 4, "fields": {"action_time": "2025-06-04T13:22:28.366Z", "user": 1, "content_type": 7, "object_id": "4", "object_repr": "black pant", "action_flag": 1, "change_message": "[{\"added\": {}}]"}}, {"model": "admin.logentry", "pk": 5, "fields": {"action_time": "2025-06-08T15:24:42.073Z", "user": 1, "content_type": 7, "object_id": "5", "object_repr": "black and white shirt", "action_flag": 1, "change_message": "[{\"added\": {}}]"}}, {"model": "admin.logentry", "pk": 6, "fields": {"action_time": "2025-06-08T15:25:21.357Z", "user": 1, "content_type": 7, "object_id": "6", "object_repr": "watch", "action_flag": 1, "change_message": "[{\"added\": {}}]"}}, {"model": "admin.logentry", "pk": 7, "fields": {"action_time": "2025-06-08T15:25:55.340Z", "user": 1, "content_type": 7, "object_id": "7", "object_repr": "shoces", "action_flag": 1, "change_message": "[{\"added\": {}}]"}}, {"model": "admin.logentry", "pk": 8, "fields": {"action_time": "2025-06-08T15:26:46.974Z", "user": 1, "content_type": 7, "object_id": "8", "object_repr": "shoose", "action_flag": 1, "change_message": "[{\"added\": {}}]"}}, {"model": "admin.logentry", "pk": 9, "fields": {"action_time": "2025-06-20T09:47:08.185Z", "user": 1, "content_type": 7, "object_id": "9", "object_repr": "blue shoee", "action_flag": 1, "change_message": "[{\"added\": {}}]"}}, {"model": "admin.logentry", "pk": 10, "fields": {"action_time": "2025-06-21T17:22:37.791Z", "user": 1, "content_type": 7, "object_id": "2", "object_repr": "white shirt", "action_flag": 2, "change_message": "[{\"changed\": {\"fields\": [\"Priority\"]}}]"}}, {"model": "admin.logentry", "pk": 11, "fields": {"action_time": "2025-06-21T17:22:47.260Z", "user": 1, "content_type": 7, "object_id": "5", "object_repr": "black and white shirt", "action_flag": 2, "change_message": "[{\"changed\": {\"fields\": [\"Priority\"]}}]"}}, {"model": "admin.logentry", "pk": 12, "fields": {"action_time": "2025-06-21T17:22:56.582Z", "user": 1, "content_type": 7, "object_id": "8", "object_repr": "shoose", "action_flag": 2, "change_message": "[{\"changed\": {\"fields\": [\"Priority\"]}}]"}}, {"model": "admin.logentry", "pk": 13, "fields": {"action_time": "2025-06-21T17:23:16.096Z", "user": 1, "content_type": 7, "object_id": "3", "object_repr": "yello tshirt", "action_flag": 2, "change_message": "[{\"changed\": {\"fields\": [\"Priority\"]}}]"}}, {"model": "admin.logentry", "pk": 14, "fields": {"action_time": "2025-06-21T17:23:28.191Z", "user": 1, "content_type": 7, "object_id": "4", "object_repr": "black pant", "action_flag": 2, "change_message": "[{\"changed\": {\"fields\": [\"Priority\"]}}]"}}, {"model": "admin.logentry", "pk": 15, "fields": {"action_time": "2025-06-21T17:23:43.531Z", "user": 1, "content_type": 7, "object_id": "6", "object_repr": "watch", "action_flag": 2, "change_message": "[{\"changed\": {\"fields\": [\"Priority\"]}}]"}}, {"model": "admin.logentry", "pk": 16, "fields": {"action_time": "2025-06-21T17:30:01.541Z", "user": 1, "content_type": 7, "object_id": "3", "object_repr": "yello tshirt", "action_flag": 2, "change_message": "[{\"changed\": {\"fields\": [\"Priority\"]}}]"}}, {"model": "admin.logentry", "pk": 17, "fields": {"action_time": "2025-06-21T17:31:00.630Z", "user": 1, "content_type": 7, "object_id": "7", "object_repr": "shoces", "action_flag": 2, "change_message": "[{\"changed\": {\"fields\": [\"Priority\"]}}]"}}, {"model": "admin.logentry", "pk": 18, "fields": {"action_time": "2025-06-21T17:31:26.815Z", "user": 1, "content_type": 7, "object_id": "9", "object_repr": "blue shoee", "action_flag": 2, "change_message": "[{\"changed\": {\"fields\": [\"Priority\"]}}]"}}, {"model": "admin.logentry", "pk": 19, "fields": {"action_time": "2025-06-21T17:32:47.961Z", "user": 1, "content_type": 7, "object_id": "5", "object_repr": "black and white shirt", "action_flag": 2, "change_message": "[{\"changed\": {\"fields\": [\"Priority\"]}}]"}}, {"model": "admin.logentry", "pk": 20, "fields": {"action_time": "2025-06-25T08:13:01.418Z", "user": 1, "content_type": 4, "object_id": "7", "object_repr": "sinanduhdu", "action_flag": 3, "change_message": ""}}, {"model": "admin.logentry", "pk": 21, "fields": {"action_time": "2025-06-25T08:13:10.959Z", "user": 1, "content_type": 4, "object_id": "9", "object_repr": "sinancppk", "action_flag": 3, "change_message": ""}}, {"model": "admin.logentry", "pk": 22, "fields": {"action_time": "2025-06-25T08:13:17.132Z", "user": 1, "content_type": 4, "object_id": "2", "object_repr": "muhammad4s", "action_flag": 3, "change_message": ""}}, {"model": "admin.logentry", "pk": 23, "fields": {"action_time": "2025-06-25T08:13:23.883Z", "user": 1, "content_type": 4, "object_id": "5", "object_repr": "ghsdwecvbg", "action_flag": 3, "change_message": ""}}, {"model": "admin.logentry", "pk": 24, "fields": {"action_time": "2025-06-25T08:13:58.670Z", "user": 1, "content_type": 4, "object_id": "6", "object_repr": "dfdjhfiudgbf", "action_flag": 3, "change_message": ""}}, {"model": "admin.logentry", "pk": 25, "fields": {"action_time": "2025-06-25T08:14:06.546Z", "user": 1, "content_type": 4, "object_id": "8", "object_repr": "anugrasinan", "action_flag": 3, "change_message": ""}}, {"model": "admin.logentry", "pk": 26, "fields": {"action_time": "2025-06-25T08:14:13.797Z", "user": 1, "content_type": 4, "object_id": "3", "object_repr": "anugra", "action_flag": 3, "change_message": ""}}, {"model": "admin.logentry", "pk": 27, "fields": {"action_time": "2025-06-25T08:14:21.053Z", "user": 1, "content_type": 4, "object_id": "4", "object_repr": "9968", "action_flag": 3, "change_message": ""}}, {"model": "admin.logentry", "pk": 28, "fields": {"action_time": "2025-06-27T15:26:34.724Z", "user": 1, "content_type": 4, "object_id": "14", "object_repr": "ammen123", "action_flag": 3, "change_message": ""}}, {"model": "admin.logentry", "pk": 29, "fields": {"action_time": "2025-06-27T15:26:41.291Z", "user": 1, "content_type": 4, "object_id": "10", "object_repr": "anugrasinan", "action_flag": 3, "change_message": ""}}, {"model": "admin.logentry", "pk": 30, "fields": {"action_time": "2025-06-27T15:26:54.116Z", "user": 1, "content_type": 4, "object_id": "12", "object_repr": "sinancppk", "action_flag": 3, "change_message": ""}}, {"model": "admin.logentry", "pk": 31, "fields": {"action_time": "2025-06-27T15:27:02.591Z", "user": 1, "content_type": 4, "object_id": "15", "object_repr": "sinan2424", "action_flag": 3, "change_message": ""}}, {"model": "admin.logentry", "pk": 32, "fields": {"action_time": "2025-06-27T15:27:08.706Z", "user": 1, "content_type": 4, "object_id": "16", "object_repr": "shahid123", "action_flag": 3, "change_message": ""}}, {"model": "admin.logentry", "pk": 33, "fields": {"action_time": "2025-06-27T15:27:14.501Z", "user": 1, "content_type": 4, "object_id": "13", "object_repr": "footuser", "action_flag": 3, "change_message": ""}}, {"model": "admin.logentry", "pk": 34, "fields": {"action_time": "2025-06-27T17:23:50.318Z", "user": 1, "content_type": 4, "object_id": "17", "object_repr": "anugrasinan", "action_flag": 3, "change_message": ""}}, {"model": "admin.logentry", "pk": 35, "fields": {"action_time": "2025-06-27T17:23:50.318Z", "user": 1, "content_type": 4, "object_id": "11", "object_repr": "dkjfohidhfi", "action_flag": 3, "change_message": ""}}, {"model": "admin.logentry", "pk": 36, "fields": {"action_time": "2025-06-27T17:23:50.318Z", "user": 1, "content_type": 4, "object_id": "18", "object_repr": "sinan2424", "action_flag": 3, "change_message": ""}}, {"model": "admin.logentry", "pk": 37, "fields": {"action_time": "2025-06-29T10:00:03.412Z", "user": 1, "content_type": 9, "object_id": "11", "object_repr": "Order object (11)", "action_flag": 2, "change_message": "[{\"changed\": {\"fields\": [\"Order status\"]}}]"}}, {"model": "admin.logentry", "pk": 38, "fields": {"action_time": "2025-06-29T10:05:05.867Z", "user": 1, "content_type": 9, "object_id": "14", "object_repr": "Order object (14)", "action_flag": 2, "change_message": "[{\"changed\": {\"fields\": [\"Order status\"]}}]"}}, {"model": "admin.logentry", "pk": 39, "fields": {"action_time": "2025-06-29T10:15:11.822Z", "user": 1, "content_type": 9, "object_id": "14", "object_repr": "Order object (14)", "action_flag": 2, "change_message": "[{\"changed\": {\"fields\": [\"Order status\"]}}]"}}, {"model": "admin.logentry", "pk": 40, "fields": {"action_time": "2025-06-29T12:16:12.388Z", "user": 1, "content_type": 9, "object_id": "16", "object_repr": "Order object (16)", "action_flag": 2, "change_message": "[{\"changed\": {\"fields\": [\"Order status\"]}}]"}}, {"model": "auth.permission", "pk": 1, "fields": {"name": "Can add log entry", "content_type": 1, "codename": "add_logentry"}}, {"model": "auth.permission", "pk": 2, "fields": {"name": "Can change log entry", "content_type": 1, "codename": "change_logentry"}}, {"model": "auth.permission", "pk": 3, "fields": {"name": "Can delete log entry", "content_type": 1, "codename": "delete_logentry"}}, {"model": "auth.permission", "pk": 4, "fields": {"name": "Can view log entry", "content_type": 1, "codename": "view_logentry"}}, {"model": "auth.permission", "pk": 5, "fields": {"name": "Can add permission", "content_type": 2, "codename": "add_permission"}}, {"model": "auth.permission", "pk": 6, "fields": {"name": "Can change permission", "content_type": 2, "codename": "change_permission"}}, {"model": "auth.permission", "pk": 7, "fields": {"name": "Can delete permission", "content_type": 2, "codename": "delete_permission"}}, {"model": "auth.permission", "pk": 8, "fields": {"name": "Can view permission", "content_type": 2, "codename": "view_permission"}}, {"model": "auth.permission", "pk": 9, "fields": {"name": "Can add group", "content_type": 3, "codename": "add_group"}}, {"model": "auth.permission", "pk": 10, "fields": {"name": "Can change group", "content_type": 3, "codename": "change_group"}}, {"model": "auth.permission", "pk": 11, "fields": {"name": "Can delete group", "content_type": 3, "codename": "delete_group"}}, {"model": "auth.permission", "pk": 12, "fields": {"name": "Can view group", "content_type": 3, "codename": "view_group"}}, {"model": "auth.permission", "pk": 13, "fields": {"name": "Can add user", "content_type": 4, "codename": "add_user"}}, {"model": "auth.permission", "pk": 14, "fields": {"name": "Can change user", "content_type": 4, "codename": "change_user"}}, {"model": "auth.permission", "pk": 15, "fields": {"name": "Can delete user", "content_type": 4, "codename": "delete_user"}}, {"model": "auth.permission", "pk": 16, "fields": {"name": "Can view user", "content_type": 4, "codename": "view_user"}}, {"model": "auth.permission", "pk": 17, "fields": {"name": "Can add content type", "content_type": 5, "codename": "add_contenttype"}}, {"model": "auth.permission", "pk": 18, "fields": {"name": "Can change content type", "content_type": 5, "codename": "change_contenttype"}}, {"model": "auth.permission", "pk": 19, "fields": {"name": "Can delete content type", "content_type": 5, "codename": "delete_contenttype"}}, {"model": "auth.permission", "pk": 20, "fields": {"name": "Can view content type", "content_type": 5, "codename": "view_contenttype"}}, {"model": "auth.permission", "pk": 21, "fields": {"name": "Can add session", "content_type": 6, "codename": "add_session"}}, {"model": "auth.permission", "pk": 22, "fields": {"name": "Can change session", "content_type": 6, "codename": "change_session"}}, {"model": "auth.permission", "pk": 23, "fields": {"name": "Can delete session", "content_type": 6, "codename": "delete_session"}}, {"model": "auth.permission", "pk": 24, "fields": {"name": "Can view session", "content_type": 6, "codename": "view_session"}}, {"model": "auth.permission", "pk": 25, "fields": {"name": "Can add product", "content_type": 7, "codename": "add_product"}}, {"model": "auth.permission", "pk": 26, "fields": {"name": "Can change product", "content_type": 7, "codename": "change_product"}}, {"model": "auth.permission", "pk": 27, "fields": {"name": "Can delete product", "content_type": 7, "codename": "delete_product"}}, {"model": "auth.permission", "pk": 28, "fields": {"name": "Can view product", "content_type": 7, "codename": "view_product"}}, {"model": "auth.permission", "pk": 29, "fields": {"name": "Can add customer", "content_type": 8, "codename": "add_customer"}}, {"model": "auth.permission", "pk": 30, "fields": {"name": "Can change customer", "content_type": 8, "codename": "change_customer"}}, {"model": "auth.permission", "pk": 31, "fields": {"name": "Can delete customer", "content_type": 8, "codename": "delete_customer"}}, {"model": "auth.permission", "pk": 32, "fields": {"name": "Can view customer", "content_type": 8, "codename": "view_customer"}}, {"model": "auth.permission", "pk": 33, "fields": {"name": "Can add order", "content_type": 9, "codename": "add_order"}}, {"model": "auth.permission", "pk": 34, "fields": {"name": "Can change order", "content_type": 9, "codename": "change_order"}}, {"model": "auth.permission", "pk": 35, "fields": {"name": "Can delete order", "content_type": 9, "codename": "delete_order"}}, {"model": "auth.permission", "pk": 36, "fields": {"name": "Can view order", "content_type": 9, "codename": "view_order"}}, {"model": "auth.permission", "pk": 37, "fields": {"name": "Can add ordered item", "content_type": 10, "codename": "add_ordereditem"}}, {"model": "auth.permission", "pk": 38, "fields": {"name": "Can change ordered item", "content_type": 10, "codename": "change_ordereditem"}}, {"model": "auth.permission", "pk": 39, "fields": {"name": "Can delete ordered item", "content_type": 10, "codename": "delete_ordereditem"}}, {"model": "auth.permission", "pk": 40, "fields": {"name": "Can view ordered item", "content_type": 10, "codename": "view_ordereditem"}}, {"model": "auth.permission", "pk": 41, "fields": {"name": "Can add site setting", "content_type": 11, "codename": "add_sitesetting"}}, {"model": "auth.permission", "pk": 42, "fields": {"name": "Can change site setting", "content_type": 11, "codename": "change_sitesetting"}}, {"model": "auth.permission", "pk": 43, "fields": {"name": "Can delete site setting", "content_type": 11, "codename": "delete_sitesetting"}}, {"model": "auth.permission", "pk": 44, "fields": {"name": "Can view site setting", "content_type": 11, "codename": "view_sitesetting"}}, {"model": "auth.permission", "pk": 45, "fields": {"name": "Can add address", "content_type": 12, "codename": "add_address"}}, {"model": "auth.permission", "pk": 46, "fields": {"name": "Can change address", "content_type": 12, "codename": "change_address"}}, {"model": "auth.permission", "pk": 47, "fields": {"name": "Can delete address", "content_type": 12, "codename": "delete_address"}}, {"model": "auth.permission", "pk": 48, "fields": {"name": "Can view address", "content_type": 12, "codename": "view_address"}}, {"model": "auth.user", "pk": 1, "fields": {"password": "pbkdf2_sha256$1000000$TVCCnQu5Nh2N7soOUTZ0T1$Fa3Ers7uolJrYnQ2VWkMIOu7VcVM7c3MJUtCYS4I04Y=", "last_login": "2025-07-01T06:31:28.954Z", "is_superuser": true, "username": "eventuser", "first_name": "", "last_name": "", "email": "", "is_staff": true, "is_active": true, "date_joined": "2025-06-02T17:24:05.043Z", "groups": [], "user_permissions": []}}, {"model": "auth.user", "pk": 19, "fields": {"password": "pbkdf2_sha256$1000000$RAXt9WOG2kclfWbL8v2HHx$0dGiYkFxJmufYX/BiH1rP8eLXVzfq7qNL4IEHrukF3Y=", "last_login": "2025-06-27T18:38:58.489Z", "is_superuser": false, "username": "anugrasinan", "first_name": "", "last_name": "", "email": "sinan2525p2323@gmail.com", "is_staff": false, "is_active": true, "date_joined": "2025-06-27T17:24:28.067Z", "groups": [], "user_permissions": []}}, {"model": "auth.user", "pk": 20, "fields": {"password": "pbkdf2_sha256$1000000$2Bt7DDfoBJ8V1tETxO0s8C$8lw44v39YllL41/mCpL05xqdQKuRFmlFXcgV9fEYUmE=", "last_login": "2025-06-28T10:36:56.441Z", "is_superuser": false, "username": "ammen123", "first_name": "", "last_name": "", "email": "sinan2525p2323@gmail.com", "is_staff": false, "is_active": true, "date_joined": "2025-06-28T10:36:38.457Z", "groups": [], "user_permissions": []}}, {"model": "auth.user", "pk": 21, "fields": {"password": "pbkdf2_sha256$1000000$7RCsiECtTZ5ls504FckrSh$Y9e+MIQxXAX+LyeBSptisPLpT3Sop9UQly5grh3Kn7o=", "last_login": "2025-07-01T06:51:42.872Z", "is_superuser": false, "username": "sinan2424L", "first_name": "", "last_name": "", "email": "sinan2525p2323@gmail.com", "is_staff": false, "is_active": true, "date_joined": "2025-06-29T07:03:51.389Z", "groups": [], "user_permissions": []}}, {"model": "auth.user", "pk": 22, "fields": {"password": "pbkdf2_sha256$1000000$kTveJnKtQBbOkUNvp0YoqS$bfnOm9k6VdEkNlvscHFI1degxKA4OJ3mzgoN07HNOCY=", "last_login": "2025-06-29T07:43:35.705Z", "is_superuser": false, "username": "anugras1", "first_name": "", "last_name": "", "email": "sinan2525p2323@gmail.com", "is_staff": false, "is_active": true, "date_joined": "2025-06-29T07:43:10.454Z", "groups": [], "user_permissions": []}}, {"model": "auth.user", "pk": 23, "fields": {"password": "pbkdf2_sha256$1000000$4qcdIOnlCQ42tzcX3OGum2$6gA5ac5BBFdw04TITOqXlici/1oWawNy5H7iwU0at7A=", "last_login": "2025-06-30T17:28:22.213Z", "is_superuser": false, "username": "muhammad", "first_name": "", "last_name": "", "email": "djsd@gmail.com", "is_staff": false, "is_active": true, "date_joined": "2025-06-29T10:03:12.637Z", "groups": [], "user_permissions": []}}, {"model": "auth.user", "pk": 24, "fields": {"password": "pbkdf2_sha256$1000000$3E7XMEHfGPZzgpJlH1tAj7$VS7G+vw3dEBzQu4WBL7ggJTEQexat+mUtjjb5xwpvDk=", "last_login": "2025-06-30T17:28:51.449Z", "is_superuser": false, "username": "fathimacp", "first_name": "", "last_name": "", "email": "ssdhiods@gmail.com", "is_staff": false, "is_active": true, "date_joined": "2025-06-30T09:53:11.188Z", "groups": [], "user_permissions": []}}, {"model": "auth.user", "pk": 25, "fields": {"password": "pbkdf2_sha256$1000000$G92A0G9T9Qc9THLcvhfxM3$cYjbX8afSywJv1o6JaEqbSXDtjp6YYqV1CslC215x1E=", "last_login": "2025-07-01T12:36:34.802Z", "is_superuser": true, "username": "sinan", "first_name": "", "last_name": "", "email": "", "is_staff": true, "is_active": true, "date_joined": "2025-07-01T12:34:51.121Z", "groups": [], "user_permissions": []}}, {"model": "contenttypes.contenttype", "pk": 1, "fields": {"app_label": "admin", "model": "logentry"}}, {"model": "contenttypes.contenttype", "pk": 2, "fields": {"app_label": "auth", "model": "permission"}}, {"model": "contenttypes.contenttype", "pk": 3, "fields": {"app_label": "auth", "model": "group"}}, {"model": "contenttypes.contenttype", "pk": 4, "fields": {"app_label": "auth", "model": "user"}}, {"model": "contenttypes.contenttype", "pk": 5, "fields": {"app_label": "contenttypes", "model": "contenttype"}}, {"model": "contenttypes.contenttype", "pk": 6, "fields": {"app_label": "sessions", "model": "session"}}, {"model": "contenttypes.contenttype", "pk": 7, "fields": {"app_label": "products", "model": "product"}}, {"model": "contenttypes.contenttype", "pk": 8, "fields": {"app_label": "customers", "model": "customer"}}, {"model": "contenttypes.contenttype", "pk": 9, "fields": {"app_label": "orders", "model": "order"}}, {"model": "contenttypes.contenttype", "pk": 10, "fields": {"app_label": "orders", "model": "ordereditem"}}, {"model": "contenttypes.contenttype", "pk": 11, "fields": {"app_label": "themes", "model": "sitesetting"}}, {"model": "contenttypes.contenttype", "pk": 12, "fields": {"app_label": "orders", "model": "address"}}, {"model": "sessions.session", "pk": "9dvzkld9mglkxkq7v1arr21hva25kp3j", "fields": {"session_data": "e30:1uULB4:msQ_N0-p9CngUhoYzvg3lRYFi4ZXa9v3ssi_CXvb2xU", "expire_date": "2025-07-09T08:08:18.234Z"}}, {"model": "sessions.session", "pk": "eyrlseh65e0y9tqtpmukzzqvj0p5wgar", "fields": {"session_data": ".eJxVjDsOwjAQBe_iGllesrazlPQ5g7X-4QCypTipEHeHSCmgfTPzXsLxtha39bS4OYqLAHH63TyHR6o7iHeutyZDq-sye7kr8qBdTi2m5_Vw_w4K9_KtdRgYz2E0aJFDhESkFBqFEDHrkYksgE9obTYAKtPACkkb4-OgLSXx_gC_dTbA:1uM8up:DkJAWugaKKSk43BOc6xn15u9Qfie_SUJxjgrGVyeAws", "expire_date": "2025-06-16T17:25:39.912Z"}}, {"model": "products.product", "pk": 1, "fields": {"title": "brown tshirt", "price": 1000.0, "description": "hello guys this product is high quality ,Success isn't always about greatness. It;s about consistency. Consistent\r\nhard work gains success. Greatness will come.", "image": "media/product-1.jpg", "priority": 1, "delete_status": 1, "created_at": "2025-06-02T17:35:11.292Z", "updated_at": "2025-06-02"}}, {"model": "products.product", "pk": 2, "fields": {"title": "white shirt", "price": 499.0, "description": "Success isn't always about greatness. It;s about consistency. Consistent\r\nhard work gains success. Greatness will come.", "image": "media/product-1_igHyNES.jpg", "priority": 3, "delete_status": 1, "created_at": "2025-06-04T13:21:10.247Z", "updated_at": "2025-06-21"}}, {"model": "products.product", "pk": 3, "fields": {"title": "yello tshirt", "price": 599.0, "description": "Success isn't always about greatness. It;s about consistency. Consistent\r\nhard work gains success. Greatness will come.", "image": "media/product-12.jpg", "priority": 9, "delete_status": 1, "created_at": "2025-06-04T13:22:01.315Z", "updated_at": "2025-06-21"}}, {"model": "products.product", "pk": 4, "fields": {"title": "black pant", "price": 799.0, "description": "Success isn't always about greatness. It;s about consistency. Consistent\r\nhard work gains success. Greatness will come.", "image": "media/product-12_0oUovYR.jpg", "priority": 7, "delete_status": 1, "created_at": "2025-06-04T13:22:28.366Z", "updated_at": "2025-06-21"}}, {"model": "products.product", "pk": 5, "fields": {"title": "black and white shirt", "price": 899.0, "description": "wowo", "image": "media/product-6.jpg", "priority": 7, "delete_status": 1, "created_at": "2025-06-08T15:24:41.922Z", "updated_at": "2025-06-21"}}, {"model": "products.product", "pk": 6, "fields": {"title": "watch", "price": 1999.0, "description": "super watch and good quality", "image": "media/exclusive.png", "priority": 8, "delete_status": 1, "created_at": "2025-06-08T15:25:21.357Z", "updated_at": "2025-06-21"}}, {"model": "products.product", "pk": 7, "fields": {"title": "shoces", "price": 299.0, "description": "wow", "image": "media/product-7.jpg", "priority": 2, "delete_status": 1, "created_at": "2025-06-08T15:25:55.340Z", "updated_at": "2025-06-21"}}, {"model": "products.product", "pk": 8, "fields": {"title": "shoose", "price": 1299.0, "description": "unique one", "image": "media/product-2.jpg", "priority": 4, "delete_status": 1, "created_at": "2025-06-08T15:26:46.972Z", "updated_at": "2025-06-21"}}, {"model": "products.product", "pk": 9, "fields": {"title": "blue shoee", "price": 1000.0, "description": "its good", "image": "media/WhatsApp_Image_2025-02-24_at_06.07.28_e53e2846.jpg", "priority": 5, "delete_status": 1, "created_at": "2025-06-20T09:47:07.949Z", "updated_at": "2025-06-21"}}, {"model": "customers.customer", "pk": 18, "fields": {"name": "", "user": 19, "phone": "8714837667", "delete_status": 0, "created_at": "2025-06-27T17:24:29.867Z", "updated_at": "2025-06-27T17:24:29.867Z"}}, {"model": "customers.customer", "pk": 19, "fields": {"name": "ammen123", "user": 20, "phone": "8714837667", "delete_status": 0, "created_at": "2025-06-28T10:36:40.439Z", "updated_at": "2025-06-28T10:36:40.439Z"}}, {"model": "customers.customer", "pk": 20, "fields": {"name": "sinan2424L", "user": 21, "phone": "8714837667", "delete_status": 0, "created_at": "2025-06-29T07:03:53.654Z", "updated_at": "2025-06-29T07:03:53.654Z"}}, {"model": "customers.customer", "pk": 21, "fields": {"name": "anugras1", "user": 22, "phone": "8714837667", "delete_status": 0, "created_at": "2025-06-29T07:43:13.290Z", "updated_at": "2025-06-29T07:43:13.291Z"}}, {"model": "customers.customer", "pk": 22, "fields": {"name": "muhammad", "user": 23, "phone": "8714837667", "delete_status": 0, "created_at": "2025-06-29T10:03:14.746Z", "updated_at": "2025-06-29T10:03:14.746Z"}}, {"model": "customers.customer", "pk": 23, "fields": {"name": "fathimacp", "user": 24, "phone": "7364736483", "delete_status": 0, "created_at": "2025-06-30T09:53:12.977Z", "updated_at": "2025-06-30T09:53:12.977Z"}}, {"model": "orders.order", "pk": 1, "fields": {"order_status": 1, "total_price": 0.0, "owner": null, "delete_status": 0, "created_at": "2025-06-26T08:43:10.652Z", "updated_at": "2025-06-26T08:43:10.652Z"}}, {"model": "orders.order", "pk": 2, "fields": {"order_status": 1, "total_price": 0.0, "owner": null, "delete_status": 0, "created_at": "2025-06-27T10:23:30.860Z", "updated_at": "2025-06-27T10:23:30.860Z"}}, {"model": "orders.order", "pk": 3, "fields": {"order_status": 0, "total_price": 0.0, "owner": null, "delete_status": 0, "created_at": "2025-06-27T11:09:23.918Z", "updated_at": "2025-06-27T11:13:24.546Z"}}, {"model": "orders.order", "pk": 4, "fields": {"order_status": 0, "total_price": 0.0, "owner": null, "delete_status": 0, "created_at": "2025-06-27T15:17:49.626Z", "updated_at": "2025-06-27T15:23:45.405Z"}}, {"model": "orders.order", "pk": 5, "fields": {"order_status": 1, "total_price": 0.0, "owner": null, "delete_status": 0, "created_at": "2025-06-27T16:30:44.804Z", "updated_at": "2025-06-27T16:30:44.804Z"}}, {"model": "orders.order", "pk": 6, "fields": {"order_status": 1, "total_price": 0.0, "owner": null, "delete_status": 0, "created_at": "2025-06-27T17:18:12.482Z", "updated_at": "2025-06-27T17:18:12.482Z"}}, {"model": "orders.order", "pk": 7, "fields": {"order_status": 1, "total_price": 0.0, "owner": 18, "delete_status": 0, "created_at": "2025-06-27T17:24:54.535Z", "updated_at": "2025-06-28T08:48:55.333Z"}}, {"model": "orders.order", "pk": 8, "fields": {"order_status": 1, "total_price": 0.0, "owner": 19, "delete_status": 0, "created_at": "2025-06-28T10:37:30.808Z", "updated_at": "2025-06-28T10:37:30.808Z"}}, {"model": "orders.order", "pk": 9, "fields": {"order_status": 1, "total_price": 334.0, "owner": 20, "delete_status": 0, "created_at": "2025-06-29T07:04:21.840Z", "updated_at": "2025-06-29T07:26:14.611Z"}}, {"model": "orders.order", "pk": 10, "fields": {"order_status": 1, "total_price": 833.0, "owner": 21, "delete_status": 0, "created_at": "2025-06-29T07:43:49.066Z", "updated_at": "2025-06-29T07:52:18.072Z"}}, {"model": "orders.order", "pk": 11, "fields": {"order_status": 3, "total_price": 833.0, "owner": 21, "delete_status": 0, "created_at": "2025-06-29T07:56:53.919Z", "updated_at": "2025-06-29T10:00:03.355Z"}}, {"model": "orders.order", "pk": 12, "fields": {"order_status": 1, "total_price": 2035.0, "owner": 21, "delete_status": 0, "created_at": "2025-06-29T08:26:55.519Z", "updated_at": "2025-06-29T08:39:47.597Z"}}, {"model": "orders.order", "pk": 13, "fields": {"order_status": 1, "total_price": 334.0, "owner": 21, "delete_status": 0, "created_at": "2025-06-29T08:51:55.660Z", "updated_at": "2025-06-29T08:54:45.489Z"}}, {"model": "orders.order", "pk": 14, "fields": {"order_status": 4, "total_price": 334.0, "owner": 22, "delete_status": 0, "created_at": "2025-06-29T10:04:03.259Z", "updated_at": "2025-06-29T10:15:11.800Z"}}, {"model": "orders.order", "pk": 15, "fields": {"order_status": 1, "total_price": 334.0, "owner": 22, "delete_status": 0, "created_at": "2025-06-29T10:17:11.593Z", "updated_at": "2025-06-29T11:19:35.427Z"}}, {"model": "orders.order", "pk": 16, "fields": {"order_status": 3, "total_price": 1035.0, "owner": 22, "delete_status": 0, "created_at": "2025-06-29T12:14:11.394Z", "updated_at": "2025-06-29T12:16:12.378Z"}}, {"model": "orders.order", "pk": 17, "fields": {"order_status": 1, "total_price": 4035.0, "owner": 22, "delete_status": 0, "created_at": "2025-06-29T12:16:59.299Z", "updated_at": "2025-06-30T09:47:02.422Z"}}, {"model": "orders.order", "pk": 18, "fields": {"order_status": 1, "total_price": 1035.0, "owner": 23, "delete_status": 0, "created_at": "2025-06-30T09:53:37.322Z", "updated_at": "2025-06-30T09:54:37.756Z"}}, {"model": "orders.order", "pk": 19, "fields": {"order_status": 1, "total_price": 334.0, "owner": 23, "delete_status": 0, "created_at": "2025-06-30T10:04:48.330Z", "updated_at": "2025-06-30T17:38:38.544Z"}}, {"model": "orders.order", "pk": 20, "fields": {"order_status": 1, "total_price": 1334.0, "owner": 22, "delete_status": 0, "created_at": "2025-06-30T15:57:09.363Z", "updated_at": "2025-06-30T16:33:29.448Z"}}, {"model": "orders.order", "pk": 21, "fields": {"order_status": 0, "total_price": 0.0, "owner": 22, "delete_status": 0, "created_at": "2025-06-30T16:33:37.978Z", "updated_at": "2025-06-30T16:33:37.978Z"}}, {"model": "orders.order", "pk": 22, "fields": {"order_status": 1, "total_price": 334.0, "owner": 23, "delete_status": 0, "created_at": "2025-06-30T17:38:43.752Z", "updated_at": "2025-06-30T18:15:44.560Z"}}, {"model": "orders.order", "pk": 23, "fields": {"order_status": 0, "total_price": 0.0, "owner": 23, "delete_status": 0, "created_at": "2025-06-30T18:15:58.643Z", "updated_at": "2025-06-30T18:15:58.643Z"}}, {"model": "orders.order", "pk": 24, "fields": {"order_status": 1, "total_price": 633.0, "owner": 20, "delete_status": 0, "created_at": "2025-07-01T06:52:03.741Z", "updated_at": "2025-07-01T06:53:04.341Z"}}, {"model": "orders.order", "pk": 25, "fields": {"order_status": 0, "total_price": 0.0, "owner": 20, "delete_status": 0, "created_at": "2025-07-01T06:58:22.256Z", "updated_at": "2025-07-01T06:58:22.256Z"}}, {"model": "orders.ordereditem", "pk": 7, "fields": {"product": 1, "quantity": 1, "size": "M", "owner": 1}}, {"model": "orders.ordereditem", "pk": 8, "fields": {"product": 1, "quantity": 2, "size": "M", "owner": 3}}, {"model": "orders.ordereditem", "pk": 9, "fields": {"product": 7, "quantity": 4, "size": "M", "owner": 4}}, {"model": "orders.ordereditem", "pk": 10, "fields": {"product": 2, "quantity": 1, "size": "M", "owner": 4}}, {"model": "orders.ordereditem", "pk": 11, "fields": {"product": 8, "quantity": 1, "size": "M", "owner": 4}}, {"model": "orders.ordereditem", "pk": 12, "fields": {"product": 1, "quantity": 2, "size": "M", "owner": 4}}, {"model": "orders.ordereditem", "pk": 13, "fields": {"product": 1, "quantity": 1, "size": "M", "owner": 6}}, {"model": "orders.ordereditem", "pk": 14, "fields": {"product": 7, "quantity": 2, "size": "M", "owner": 6}}, {"model": "orders.ordereditem", "pk": 19, "fields": {"product": 1, "quantity": 1, "size": "M", "owner": 7}}, {"model": "orders.ordereditem", "pk": 20, "fields": {"product": 2, "quantity": 1, "size": "M", "owner": 7}}, {"model": "orders.ordereditem", "pk": 21, "fields": {"product": 1, "quantity": 1, "size": "M", "owner": 8}}, {"model": "orders.ordereditem", "pk": 22, "fields": {"product": 7, "quantity": 1, "size": "M", "owner": 8}}, {"model": "orders.ordereditem", "pk": 23, "fields": {"product": 8, "quantity": 1, "size": "M", "owner": 8}}, {"model": "orders.ordereditem", "pk": 25, "fields": {"product": 7, "quantity": 1, "size": "M", "owner": 9}}, {"model": "orders.ordereditem", "pk": 26, "fields": {"product": 7, "quantity": 1, "size": "M", "owner": 10}}, {"model": "orders.ordereditem", "pk": 27, "fields": {"product": 2, "quantity": 1, "size": "M", "owner": 10}}, {"model": "orders.ordereditem", "pk": 28, "fields": {"product": 8, "quantity": 1, "size": "M", "owner": 11}}, {"model": "orders.ordereditem", "pk": 31, "fields": {"product": 1, "quantity": 2, "size": "M", "owner": 12}}, {"model": "orders.ordereditem", "pk": 32, "fields": {"product": 7, "quantity": 1, "size": "M", "owner": 13}}, {"model": "orders.ordereditem", "pk": 33, "fields": {"product": 7, "quantity": 1, "size": "M", "owner": 14}}, {"model": "orders.ordereditem", "pk": 34, "fields": {"product": 7, "quantity": 1, "size": "M", "owner": 15}}, {"model": "orders.ordereditem", "pk": 35, "fields": {"product": 1, "quantity": 1, "size": "M", "owner": 16}}, {"model": "orders.ordereditem", "pk": 38, "fields": {"product": 9, "quantity": 4, "size": "M", "owner": 17}}, {"model": "orders.ordereditem", "pk": 39, "fields": {"product": 1, "quantity": 1, "size": "M", "owner": 18}}, {"model": "orders.ordereditem", "pk": 42, "fields": {"product": 8, "quantity": 1, "size": "M", "owner": 20}}, {"model": "orders.ordereditem", "pk": 44, "fields": {"product": 7, "quantity": 1, "size": "M", "owner": 19}}, {"model": "orders.ordereditem", "pk": 45, "fields": {"product": 7, "quantity": 1, "size": "M", "owner": 22}}, {"model": "orders.ordereditem", "pk": 50, "fields": {"product": 2, "quantity": 1, "size": "M", "owner": 23}}, {"model": "orders.ordereditem", "pk": 51, "fields": {"product": 7, "quantity": 2, "size": "XXL", "owner": 24}}, {"model": "orders.ordereditem", "pk": 52, "fields": {"product": 2, "quantity": 1, "size": "S", "owner": 25}}, {"model": "orders.address", "pk": 1, "fields": {"full_name": "mujdjfd", "phone": "73647364837", "address_line": "djfhduifhouidhfoiud", "city": "dfhduigfdf", "state": "djfbduigfiud", "postal_code": "34673647", "country": "fbduigfdgfd", "created_at": "2025-06-30T09:40:00.089Z", "order": null, "owner": 22}}, {"model": "orders.address", "pk": 2, "fields": {"full_name": "muhammad sinan", "phone": "6235544342", "address_line": "jasper islamic hostel", "city": "Bengaluru", "state": "karnataka", "postal_code": "673506", "country": "India", "created_at": "2025-06-30T09:45:17.052Z", "order": null, "owner": 22}}, {"model": "orders.address", "pk": 3, "fields": {"full_name": "muhammad sinan", "phone": "9605175109", "address_line": "jasper islamic hostel", "city": "Bengaluru", "state": "karnataka", "postal_code": "673506", "country": "India", "created_at": "2025-06-30T09:46:47.164Z", "order": null, "owner": 22}}, {"model": "orders.address", "pk": 4, "fields": {"full_name": "fathima cp", "phone": "9605175109", "address_line": "cheriya parabath", "city": "nadapuram", "state": "kerala", "postal_code": "673506", "country": "India", "created_at": "2025-06-30T09:54:26.597Z", "order": 18, "owner": 23}}, {"model": "orders.address", "pk": 5, "fields": {"full_name": "djkbfkjd", "phone": "dbfjdbf", "address_line": "udfudfd", "city": "dfhdioufhod", "state": "dfhduhfdf", "postal_code": "dfhdhfd", "country": "dihfidhfd9f", "created_at": "2025-06-30T10:05:35.552Z", "order": 19, "owner": 23}}, {"model": "orders.address", "pk": 6, "fields": {"full_name": "dkjfdifijdi", "phone": "dfndifjdifdij", "address_line": "difidofhiodhiof", "city": "dfhdiofhodiihf", "state": "djfhbdufhd", "postal_code": "78387483", "country": "diohfdhudf", "created_at": "2025-06-30T16:33:16.123Z", "order": 20, "owner": 22}}, {"model": "orders.address", "pk": 7, "fields": {"full_name": "radd", "phone": "3463468936894d", "address_line": "dhfuidfugidu", "city": "fdjhfguidgif", "state": "dfkjhdgyfdf", "postal_code": "fduifgd", "country": "dfff", "created_at": "2025-06-30T16:42:39.738Z", "order": 21, "owner": 22}}, {"model": "orders.address", "pk": 8, "fields": {"full_name": "muhammad razal", "phone": "9605175109", "address_line": "jasper islamic hostel", "city": "Bengaluru", "state": "karnataka", "postal_code": "673506", "country": "India", "created_at": "2025-06-30T17:39:14.784Z", "order": 22, "owner": 23}}, {"model": "orders.address", "pk": 9, "fields": {"full_name": "muhammad sinan", "phone": "9605175109", "address_line": "jasper islamic hostel", "city": "Bengaluru", "state": "karnataka", "postal_code": "673506", "country": "India", "created_at": "2025-06-30T19:07:05.630Z", "order": 23, "owner": 23}}, {"model": "orders.address", "pk": 10, "fields": {"full_name": "fayis", "phone": "8714837667", "address_line": "jasper islamic hostel", "city": "Bengaluru", "state": "karnataka", "postal_code": "673506", "country": "India", "created_at": "2025-07-01T06:52:41.108Z", "order": 24, "owner": 20}}, {"model": "orders.address", "pk": 11, "fields": {"full_name": "djkbfkjd", "phone": "9605175109", "address_line": "jasper islamic hostel", "city": "Bengaluru", "state": "karnataka", "postal_code": "673506", "country": "India", "created_at": "2025-07-01T06:58:43.946Z", "order": 25, "owner": 20}}]